Query,Frequency
sms marketing,8300
sms marketing services,600
marketing sms,200
sms marketing service,100
sms marketing price,10
cheap sms marketing,10
mass sms marketing,10
texting app,7200
online texting app,300
text app online,250
text marketing app,100
texting app online,100
text marketing apps,80
texting apps online,80
sms texting app,80
online text app,70
sms text app,60
text apps online,60
text app,50
text me app online,50
texting online app,40
sms to text app,30
text response app,30
sms text apps,30
sms messages,6700
send sms message,150
send sms messages,100
sms messager,70
sms message service,40
marketing sms messages,20
text message marketing,2700
text marketing,2400
text marketing services,150
text message marketing services,100
marketing text,100
texting marketing services,90
texting marketing,90
marketing text messages,80
world market text coupon,70
text marketing service,60
text message marketing service,40
text messages marketing,40
white label text message marketing,30
text market,30
what is text marketing,20
sms text,2400
sms text messages,700
sms texting,600
sms text message,300
sms text marketing,250
sms to text,200
sms texting service,200
text sms,200
sms texts,150
send sms texts,100
text message sms,100
sms text service,100
text sms online,80
sms text message marketing,70
texting sms,60
text to sms,50
send sms text,50
send sms text online,50
sms mass text,40
text sms marketing,40
sms text arts,30
text sms service,30
send sms text message,30
sms text message service,20
sms text messages service,20
sms text services,20
sms texting services,20
sms text message services,20
sms text marketing services,10
text messaging,2800
text messaging service,600
online text messaging,200
text messaging marketing,200
sms text messaging texting,200
sms text messaging,150
text messaging marketing service,100
sms text messaging marketing,90
sms text messaging service,90
text messaging services,80
easy text messaging,70
text messaging send,50
send text message,2200
send text messages,300
send text messages online,150
send texts online,90
text send,80
text send text,80
send text service,70
text send a text,70
sent a text,60
sent a text online,60
send text services,50
text message send,40
send text message to,40
send a text messages,30
send message text,30
text send text message,20
text message to send,20
text sent,20
send text messsage,20
text messages to send,10
bulk sms,2100
bulk sms service,400
bulk sms marketing,250
bulk sms marketing services,40
bulk sms worldwide,10
texting service,900
text service,500
text message service,400
text messages service,350
texting services,200
text services,200
text messenging service,80
text message services,50
service text,20
services text,20
simple texting,2200
simple text app,60
simple text messaging app,30
sms service,1100
sms services,600
sms link service,40
sms blast service,30
what is sms relay service,20
sms as a service,20
sms well service,20
services sms,20
sms messaging,1200
send sms messaging,450
sms messaging service,20
sms messaging services,20
sms messaging service provider,10
text messaging software,200
text message marketing software,150
text messages software,150
text software,150
texting software,150
text marketing software,90
text message software,90
texting marketing software,80
sms text software,20
software to read text messages,10
sms provider,400
sms service provider,300
bulk sms provider,150
bulk sms service provider,100
sms providers,60
bulk sms service providers,20
bulk sms services provider,20
sms marketing providers,10
sms marketing software,500
sms software,400
sms messaging software,20
software sms,10
internet texting,300
text thru internet,150
internet text,150
text internet,80
texts internet,70
internet to text,70
text by internet,30
internet texting service,30
text on internet,20
team internet text,10
internet text messaging,10
txt messaging service,400
txt messaging services,350
sms platform,300
sms marketing platforms,200
sms marketing platform,150
sms platforms,90
white label sms marketing platform,10
sms messaging platform,10
marketing message,300
marketing messages,200
message marketing,100
messages marketing,70
sms company,500
sms marketing company,100
sms companies,20
sms marketing companies,20
bulk sms company,10
text marketing platforms,250
texting platforms,90
text message platforms,70
text messaging platform,70
text platforms,60
text marketing platform,30
text platform,20
texting platform,20
text message platform,20
sms texting platform,10
text campaign,200
text message campaign,100
text campaigns,100
texting marketing campaigns,40
text marketing campaigns,40
text message campaigns,30
texting campaigns,30
text campaign software,20
text campaign services,20
text marketing campaign,20
campaign text messages,10
text message campaigns marketing,10
sms text campaign,10
text message campaign software,10
txt message service,350
txt message,100
txt messages,70
send txt message,40
send a txt message,20
phone texting,200
text from internet to phone,150
text phone online,90
text me phone service,40
text website to phone,30
internet text to phone,30
text from web to phone,30
text marketing company,100
text message marketing companies,70
text company,70
text messaging marketing companies,60
text message marketing company,60
texting companies,50
text messaging companies,40
text marketing companies,40
company text message service,20
company text,10
sms website,350
website to sms,60
website sms services,20
send sms website,20
sending sms website,20
sms to website,10
text message advertising,200
text advertising,150
in text advertising,40
advertising text,30
text messaging advertising companies,20
texting advertising,20
sms text advertising,10
send multimedia message online,150
sending messages online,100
send message online,100
online messages,80
send message to phone online,10
go sms online,100
online sms service,100
send sms messages online,50
sending online sms,30
sms messaging online,20
best hidden text app,100
best text marketing,50
best text marketing services,40
best text notification,30
best text software,20
best text messaging service,20
best text message marketing,20
best online texting,10
best text marketing platform,10
text sending,100
sending a text online,80
sending an international text,40
sending text online,30
text message sending service,10
text message system,80
text messaging system,80
text system,50
text systems,20
texting system,20
text message marketing system,10
text messenger,200
text messenger online,60
cool sms apps,200
sms marketing app,40
app sms,20
texting app using your own number,70
how to use text,60
using text,40
text app using your own number,30
text using internet,30
how to use text messaging,20
text uk,60
uk texting app,50
texting uk from us,40
texting a uk number from the us,20
uk texts,20
uk text,20
texting from us to uk,20
texts uk,20
sms usa,150
send sms to usa,40
sms providers usa,20
bulk sms service provider in usa,20
sms marketing usa,10
text messageing services,90
text messageing service,90
text messageing,50
text messeging services,90
text messeging service,90
text messege,40
best sms marketing platform,60
best sms marketing,60
best sms marketing software,50
best sms software,20
best sms marketing service,10
text solution,80
crm text solutions,40
text messaging solutions,20
text message solutions,20
texting solutions,20
sms marketing campaign,90
sms message campaigns,40
sms campaign software,20
text account now,20
texting usa,80
text usa,40
text message usa,20
sms sending service,60
sms sending software,30
mobile marketing sms,40
sms mobile marketing,40
bulk sms us,40
bulk text messaging software,30
bulk sms text,20
applications for sms,20
sms marketing applications,20
sms marketing system,10
sms messaging system,10
